timeuseastern,speed,acceleration,temperature,humidity,roadGrade,FuelRate
2020-04-17 08:12:52.708,0.0,0.0,42.08,91.0,0.0,0.0
2020-04-17 08:12:52.752,0.0,0.0,42.08,91.0,0.0,0.0
2020-04-17 08:12:52.852,0.0,0.0,42.08,91.0,0.0,0.0
2020-04-17 08:12:53.429,0.0,0.0,42.08,91.0,0.0,0.0
2020-04-17 08:12:57.000,0.0,0.0,42.08,91.0,0.0,0.0
2020-04-17 08:13:01.000,0.0,0.0,42.08,91.0,0.0,0.0
2020-04-17 08:13:03.000,0.0,0.0,42.08,91.0,0.0,0.0
2020-04-17 08:13:05.000,0.0,0.0,42.08,91.0,0.0,0.621
2020-04-17 08:13:06.000,0.0,0.0,42.08,91.0,0.0,1.189
2020-04-17 08:13:07.000,0.0,0.0,42.08,91.0,0.0,1.572
2020-04-17 08:13:08.000,0.0,0.0,42.08,91.0,0.0,1.44
2020-04-17 08:13:09.000,0.0,0.0,42.08,91.0,0.0,2.232
2020-04-17 08:13:10.000,0.0,0.0,42.08,91.0,0.0,2.325
2020-04-17 08:13:11.000,0.0,0.0,42.08,91.0,0.0,2.298
2020-04-17 08:13:12.000,0.0,0.0,42.08,91.0,0.0,2.259
2020-04-17 08:13:13.000,0.0,0.0,42.08,91.0,0.0,2.14
2020-04-17 08:13:14.000,0.0,0.0,42.08,91.0,0.0,1.559
2020-04-17 08:13:15.000,0.0,0.0,42.08,91.0,0.0,2.047
2020-04-17 08:13:16.000,0.0,0.0,42.08,91.0,0.0,2.021
2020-04-17 08:13:17.000,0.0,0.0,42.08,91.0,0.0,1.493
2020-04-17 08:13:18.000,0.0,0.0,42.08,91.0,0.0,1.994
2020-04-17 08:13:19.000,0.0,0.0,42.08,91.0,0.0,1.532
2020-04-17 08:13:20.000,0.0,0.0,42.08,91.0,0.0,2.008
2020-04-17 08:13:21.000,0.0,0.0,42.08,91.0,0.0,1.981
2020-04-17 08:13:22.000,0.0,0.0,42.08,91.0,0.0,1.294
2020-04-17 08:13:23.000,0.0,0.0,42.08,91.0,0.0,1.321
2020-04-17 08:13:24.000,0.0,0.0,42.08,91.0,0.0,1.783
2020-04-17 08:13:25.000,0.0,0.0,42.08,91.0,0.0,1.308
2020-04-17 08:13:26.000,0.0,0.0,42.08,91.0,0.0,1.744
2020-04-17 08:13:27.000,0.0,0.0,42.08,91.0,0.0,1.77
2020-04-17 08:13:28.000,0.0,0.0,42.08,91.0,0.0,2.008
2020-04-17 08:13:29.000,0.0,0.0,42.08,91.0,0.0,1.968
2020-04-17 08:13:30.000,0.0,0.0,42.08,91.0,0.0,1.453
2020-04-17 08:13:31.000,0.0,0.0,42.08,91.0,0.0,1.928
2020-04-17 08:13:32.000,0.0,0.0,42.08,91.0,0.0,1.73
2020-04-17 08:13:33.000,0.0,0.0,42.08,91.0,0.0,1.73
2020-04-17 08:13:34.000,0.0,0.0,42.08,91.0,0.0,1.281
2020-04-17 08:13:35.000,0.0,0.0,42.08,91.0,0.0,1.717
2020-04-17 08:13:36.000,0.0,0.0,42.08,91.0,0.0,1.294
2020-04-17 08:13:37.000,0.0,0.0,42.08,91.0,0.0,1.717
2020-04-17 08:13:38.000,0.0,0.0,42.08,91.0,0.0,1.281
2020-04-17 08:13:39.000,0.0,0.0,42.08,91.0,0.0,1.466
2020-04-17 08:13:40.000,0.0,0.0,42.08,91.0,0.0,1.915
2020-04-17 08:13:41.000,0.0,0.0,42.08,91.0,0.0,1.889
2020-04-17 08:13:42.000,0.0,0.0,42.08,91.0,0.0,1.915
2020-04-17 08:13:43.000,0.0,0.0,42.08,91.0,0.0,1.202
2020-04-17 08:13:44.000,0.0,0.0,42.08,91.0,0.0,1.677
2020-04-17 08:13:45.000,0.0,0.0,42.08,91.0,0.0,1.268
2020-04-17 08:13:46.000,0.0,0.0,42.08,91.0,0.0,1.691
2020-04-17 08:13:47.000,0.0,0.0,42.08,91.0,0.0,1.677
2020-04-17 08:13:48.000,0.0,0.0,42.08,91.0,0.0,1.664
2020-04-17 08:13:49.000,0.0,0.0,42.08,91.0,0.0,1.915
2020-04-17 08:13:50.000,0.0,0.0,42.08,91.0,0.0,1.862
2020-04-17 08:13:51.000,0.0,0.0,42.08,91.0,0.0,1.836
2020-04-17 08:13:52.000,0.0,0.0,42.08,91.0,0.0,1.889
2020-04-17 08:13:53.000,0.0,0.0,42.08,91.0,0.0,1.625
2020-04-17 08:13:54.000,0.0,0.0,42.08,91.0,0.0,1.228
2020-04-17 08:13:55.000,0.0,0.0,42.08,91.0,0.0,1.664
2020-04-17 08:13:56.000,0.0,0.0,42.08,91.0,0.0,1.255
2020-04-17 08:13:57.000,0.0,0.0,42.08,91.0,0.0,1.664
2020-04-17 08:13:58.000,0.0,0.0,42.08,91.0,0.0,1.242
2020-04-17 08:13:59.000,0.0,0.0,42.08,91.0,0.0,1.915
2020-04-17 08:14:00.000,0.0,0.0,42.08,91.0,0.0,1.862
2020-04-17 08:14:01.000,0.0,0.0,42.08,91.0,0.0,1.387
2020-04-17 08:14:02.000,0.0,0.0,42.08,91.0,0.0,1.862
2020-04-17 08:14:03.000,0.0,0.0,42.08,91.0,0.0,1.625
2020-04-17 08:14:04.000,0.0,0.0,42.08,91.0,0.0,1.255
2020-04-17 08:14:05.000,0.0,0.0,42.08,91.0,0.0,1.651
2020-04-17 08:14:06.000,0.0,0.0,42.08,91.0,0.0,1.228
2020-04-17 08:14:07.000,0.0,0.0,42.08,91.0,0.0,1.255
2020-04-17 08:14:08.000,0.0,0.0,42.08,91.0,0.0,1.651
2020-04-17 08:14:09.000,0.0,0.0,42.08,91.0,0.0,1.862
2020-04-17 08:14:10.000,0.0,0.0,42.08,91.0,0.0,1.374
2020-04-17 08:14:11.000,0.0,0.0,42.08,91.0,0.0,1.849
2020-04-17 08:14:12.000,0.0,0.0,42.08,91.0,0.0,1.387
2020-04-17 08:14:13.000,0.0,0.0,42.08,91.0,0.0,1.611
2020-04-17 08:14:14.000,0.0,0.0,42.08,91.0,0.0,1.638
2020-04-17 08:14:15.000,0.0,0.0,42.08,91.0,0.0,1.625
2020-04-17 08:14:16.000,0.0,0.0,42.08,91.0,0.0,1.677
2020-04-17 08:14:17.000,0.0,0.0,42.08,91.0,0.0,1.651
2020-04-17 08:14:18.000,0.0,0.0,42.08,91.0,0.0,1.664
2020-04-17 08:14:19.000,0.0,0.0,42.08,91.0,0.0,1.876
2020-04-17 08:14:20.000,0.0,0.0,42.08,91.0,0.0,1.849
2020-04-17 08:14:21.000,0.0,0.0,42.08,91.0,0.0,1.374
2020-04-17 08:14:22.000,0.0,0.0,42.08,91.0,0.0,1.849
2020-04-17 08:14:23.000,0.0,0.0,42.08,91.0,0.0,1.849
2020-04-17 08:14:24.000,0.0,0.0,42.08,91.0,0.0,1.242
2020-04-17 08:14:25.000,0.0,0.0,42.08,91.0,0.0,1.651
2020-04-17 08:14:26.000,0.0,0.0,42.08,91.0,0.0,1.255
2020-04-17 08:14:27.000,0.0,0.0,42.08,91.0,0.0,1.651
2020-04-17 08:14:28.000,0.0,0.0,42.08,91.0,0.0,1.625
2020-04-17 08:14:29.000,0.0,0.0,42.08,91.0,0.0,1.228
2020-04-17 08:14:30.000,0.0,0.0,42.08,91.0,0.0,1.4
2020-04-17 08:14:31.000,0.0,0.0,42.08,91.0,0.0,1.823
2020-04-17 08:14:32.000,0.0,0.0,42.08,91.0,0.0,1.836
2020-04-17 08:14:33.000,0.0,0.0,42.08,91.0,0.0,1.81
2020-04-17 08:14:34.000,0.0,0.0,42.08,91.0,0.0,1.202
2020-04-17 08:14:35.000,0.0,0.0,42.08,91.0,0.0,1.651
2020-04-17 08:14:36.000,0.0,0.0,42.08,91.0,0.0,1.242
2020-04-17 08:14:37.000,0.0,0.0,42.08,91.0,0.0,1.638
2020-04-17 08:14:38.000,0.0,0.0,42.08,91.0,0.0,1.625
2020-04-17 08:14:39.000,0.0,0.0,42.08,91.0,0.0,1.651
2020-04-17 08:14:40.000,0.0,0.0,42.08,91.0,0.0,1.876
2020-04-17 08:14:41.000,0.0,0.0,42.08,91.0,0.0,1.36
2020-04-17 08:14:42.000,0.0,0.0,42.08,91.0,0.0,1.823
2020-04-17 08:14:43.000,0.0,0.0,42.08,91.0,0.0,1.334
2020-04-17 08:14:44.000,0.0,0.0,42.08,91.0,0.0,1.598
2020-04-17 08:14:45.000,0.0,0.0,42.08,91.0,0.0,1.625
2020-04-17 08:14:46.000,0.0,0.0,42.08,91.0,0.0,1.215
2020-04-17 08:14:47.000,0.0,0.0,42.08,91.0,0.0,1.625
2020-04-17 08:14:48.000,0.0,0.0,42.08,91.0,0.0,1.215
2020-04-17 08:14:49.000,0.0,0.0,42.08,91.0,0.0,1.611
2020-04-17 08:14:50.000,0.0,0.0,42.08,91.0,0.0,1.849
2020-04-17 08:14:51.000,0.0,0.0,42.08,91.0,0.0,1.347
2020-04-17 08:14:52.000,0.0,0.0,42.08,91.0,0.0,1.796
2020-04-17 08:14:53.000,0.0,0.0,42.08,91.0,0.0,1.321
2020-04-17 08:14:54.000,0.0,0.0,42.08,91.0,0.0,1.189
2020-04-17 08:14:55.000,0.0,0.0,42.08,91.0,0.0,1.611
2020-04-17 08:14:56.000,0.0,0.0,42.08,91.0,0.0,1.611
2020-04-17 08:14:57.000,0.0,0.0,42.08,91.0,0.0,1.202
2020-04-17 08:14:58.000,0.0,0.0,42.08,91.0,0.0,1.611
2020-04-17 08:14:59.000,0.0,0.0,42.08,91.0,0.0,1.625
2020-04-17 08:15:00.000,0.0,0.0,42.13,0.77,0.0,1.294
2020-04-17 08:15:01.000,0.0,0.0,42.13,0.77,0.0,1.347
2020-04-17 08:15:02.000,0.0,0.0,42.13,0.77,0.0,1.77
2020-04-17 08:15:03.000,0.0,0.0,42.13,0.77,0.0,1.796
2020-04-17 08:15:04.000,0.0,0.0,42.13,0.77,0.0,1.757
2020-04-17 08:15:05.000,0.0,0.0,42.13,0.77,0.0,1.598
2020-04-17 08:15:06.000,0.0,0.0,42.13,0.77,0.0,1.176
2020-04-17 08:15:07.000,0.0,0.0,42.13,0.77,0.0,1.598
2020-04-17 08:15:08.000,0.0,0.0,42.13,0.77,0.0,1.202
2020-04-17 08:15:09.000,0.0,0.0,42.13,0.77,0.0,1.559
2020-04-17 08:15:10.000,0.0,0.0,42.13,0.77,0.0,1.176
2020-04-17 08:15:11.000,0.0,0.0,42.13,0.77,0.0,1.347
2020-04-17 08:15:12.000,0.0,0.0,42.13,0.77,0.0,1.757
2020-04-17 08:15:13.000,0.0,0.0,42.13,0.77,0.0,1.334
2020-04-17 08:15:14.000,0.0,0.0,42.13,0.77,0.0,1.783
2020-04-17 08:15:15.000,0.0,0.0,42.13,0.77,0.0,1.519
2020-04-17 08:15:16.000,0.0,0.0,42.13,0.77,0.0,1.162
2020-04-17 08:15:17.000,0.0,0.0,42.13,0.77,0.0,1.572
2020-04-17 08:15:18.000,0.0,0.0,42.13,0.77,0.0,1.545
2020-04-17 08:15:19.000,0.0,0.0,42.13,0.77,0.0,1.532
2020-04-17 08:15:20.000,0.0,0.0,42.13,0.77,0.0,1.519
2020-04-17 08:15:21.000,0.0,0.0,42.13,0.77,0.0,1.757
2020-04-17 08:15:22.000,0.0,0.0,42.13,0.77,0.0,1.73
2020-04-17 08:15:23.000,0.0,0.0,42.13,0.77,0.0,1.704
2020-04-17 08:15:24.000,0.0,0.0,42.13,0.77,0.0,1.294
2020-04-17 08:15:25.000,0.0,0.0,42.13,0.77,0.0,1.493
2020-04-17 08:15:26.000,0.0,0.0,42.13,0.77,0.0,1.545
2020-04-17 08:15:27.000,0.0,0.0,42.13,0.77,0.0,1.519
2020-04-17 08:15:28.000,0.0,0.0,42.13,0.77,0.0,1.545
2020-04-17 08:15:29.000,0.0,0.0,42.13,0.77,0.0,1.136
2020-04-17 08:15:30.000,0.0,0.0,42.13,0.77,0.0,1.519
2020-04-17 08:15:31.000,0.0,0.0,42.13,0.77,0.0,1.757
2020-04-17 08:15:32.000,0.0,0.0,42.13,0.77,0.0,1.691
2020-04-17 08:15:33.000,0.0,0.0,42.13,0.77,0.0,1.677
2020-04-17 08:15:34.000,0.0,0.0,42.13,0.77,0.0,1.308
2020-04-17 08:15:35.000,0.0,0.0,42.13,0.77,0.0,1.11
2020-04-17 08:15:36.000,0.0,0.0,42.13,0.77,0.0,1.493
2020-04-17 08:15:37.000,0.0,0.0,42.13,0.77,0.0,1.162
2020-04-17 08:15:38.000,0.0,0.0,42.13,0.77,0.0,1.519
2020-04-17 08:15:39.000,0.0,0.0,42.13,0.77,0.0,1.11
2020-04-17 08:15:40.000,0.0,0.0,42.13,0.77,0.0,1.506
2020-04-17 08:15:41.000,0.0,0.0,42.13,0.77,0.0,1.149
2020-04-17 08:15:42.000,0.0,0.0,42.13,0.77,0.0,1.532
2020-04-17 08:15:43.000,0.0,0.0,42.13,0.77,0.0,1.11
2020-04-17 08:15:44.000,0.0,0.0,42.13,0.77,0.0,1.493
2020-04-17 08:15:45.000,0.0,0.0,42.13,0.77,0.0,1.123
2020-04-17 08:15:46.000,0.0,0.0,42.13,0.77,0.0,1.123
2020-04-17 08:15:47.000,0.0,0.0,42.13,0.77,0.0,1.11
2020-04-17 08:15:48.000,0.0,0.0,42.13,0.77,0.0,1.493
2020-04-17 08:15:49.000,0.0,0.0,42.13,0.77,0.0,1.123
2020-04-17 08:15:50.000,0.0,0.0,42.13,0.77,0.0,1.519
2020-04-17 08:15:51.000,0.0,0.0,42.13,0.77,0.0,1.11
2020-04-17 08:15:52.000,0.0,0.0,42.13,0.77,0.0,1.479
2020-04-17 08:15:53.000,0.0,0.0,42.13,0.77,0.0,1.11
2020-04-17 08:15:54.000,0.0,0.0,42.13,0.77,0.0,1.493
2020-04-17 08:15:55.000,0.0,0.0,42.13,0.77,0.0,1.506
2020-04-17 08:15:56.000,0.0,0.0,42.13,0.77,0.0,1.479
2020-04-17 08:15:57.000,0.0,0.0,42.13,0.77,0.0,1.493
2020-04-17 08:15:58.000,0.0,0.0,42.13,0.77,0.0,1.123
2020-04-17 08:15:59.000,0.0,0.0,42.13,0.77,0.0,1.519
2020-04-17 08:16:00.000,0.0,0.0,42.13,0.77,0.0,1.453
2020-04-17 08:16:01.000,0.0,0.0,42.13,0.77,0.0,1.479
2020-04-17 08:16:02.000,0.0,0.0,42.13,0.77,0.0,1.123
2020-04-17 08:16:03.000,0.0,0.0,42.13,0.77,0.0,1.479
2020-04-17 08:16:04.000,0.0,0.0,42.13,0.77,0.0,1.466
2020-04-17 08:16:05.000,0.0,0.0,42.13,0.77,0.0,1.453
2020-04-17 08:16:06.000,0.0,0.0,42.13,0.77,0.0,1.096
2020-04-17 08:16:07.000,0.0,0.0,42.13,0.77,0.0,1.466
2020-04-17 08:16:08.000,0.0,0.0,42.13,0.77,0.0,1.11
2020-04-17 08:16:09.000,0.0,0.0,42.13,0.77,0.0,1.493
2020-04-17 08:16:10.000,0.0,0.0,42.13,0.77,0.0,1.123
2020-04-17 08:16:11.000,0.0,0.0,42.13,0.77,0.0,1.493
2020-04-17 08:16:12.000,0.0,0.0,42.13,0.77,0.0,1.083
2020-04-17 08:16:13.000,0.0,0.0,42.13,0.77,0.0,1.466
2020-04-17 08:16:14.000,0.0,0.0,42.13,0.77,0.0,1.096
2020-04-17 08:16:15.000,0.0,0.0,42.13,0.77,0.0,1.479
2020-04-17 08:16:16.000,0.0,0.0,42.13,0.77,0.0,1.083
2020-04-17 08:16:17.000,0.0,0.0,42.13,0.77,0.0,1.453
2020-04-17 08:16:18.000,0.0,0.0,42.13,0.77,0.0,1.096
2020-04-17 08:16:19.000,0.0,0.0,42.13,0.77,0.0,1.479
2020-04-17 08:16:20.000,0.0,0.0,42.13,0.77,0.0,1.44
2020-04-17 08:16:21.000,0.0,0.0,42.13,0.77,0.0,1.096
2020-04-17 08:16:22.000,0.0,0.0,42.13,0.77,0.0,1.466
2020-04-17 08:16:23.000,0.0,0.0,42.13,0.77,0.0,1.083
2020-04-17 08:16:24.000,0.0,0.0,42.13,0.77,0.0,1.096
2020-04-17 08:16:25.000,0.0,0.0,42.13,0.77,0.0,1.453
2020-04-17 08:16:26.000,0.0,0.0,42.13,0.77,0.0,1.07
2020-04-17 08:16:27.000,0.0,0.0,42.13,0.77,0.0,1.453
2020-04-17 08:16:28.000,0.0,0.0,42.13,0.77,0.0,1.44
2020-04-17 08:16:29.000,0.0,0.0,42.13,0.77,0.0,1.44
2020-04-17 08:16:30.000,0.0,0.0,42.13,0.77,0.0,1.083
2020-04-17 08:16:31.000,0.0,0.0,42.13,0.77,0.0,1.453
2020-04-17 08:16:32.000,0.0,0.0,42.13,0.77,0.0,1.11
2020-04-17 08:16:33.000,0.0,0.0,42.13,0.77,0.0,1.453
2020-04-17 08:16:34.000,0.0,0.0,42.13,0.77,0.0,1.057
2020-04-17 08:16:35.000,0.0,0.0,42.13,0.77,0.0,1.427
2020-04-17 08:16:36.000,0.0,0.0,42.13,0.77,0.0,1.453
2020-04-17 08:16:37.000,0.0,0.0,42.13,0.77,0.0,1.479
2020-04-17 08:16:38.000,0.0,0.0,42.13,0.77,0.0,1.44
2020-04-17 08:16:39.000,0.0,0.0,42.13,0.77,0.0,1.453
2020-04-17 08:16:40.000,0.0,0.0,42.13,0.77,0.0,1.427
2020-04-17 08:16:41.000,0.0,0.0,42.13,0.77,0.0,1.453
2020-04-17 08:16:42.000,0.0,0.0,42.13,0.77,0.0,1.07
2020-04-17 08:16:43.000,0.0,0.0,42.13,0.77,0.0,1.427
2020-04-17 08:16:44.000,0.0,0.0,42.13,0.77,0.0,1.453
2020-04-17 08:16:45.000,0.0,0.0,42.13,0.77,0.0,1.083
2020-04-17 08:16:46.000,0.0,0.0,42.13,0.77,0.0,1.427
2020-04-17 08:16:47.000,0.0,0.0,42.13,0.77,0.0,1.44
2020-04-17 08:16:48.000,0.0,0.0,42.13,0.77,0.0,1.057
2020-04-17 08:16:50.000,0.0,0.0,42.13,0.77,0.0,1.453
2020-04-17 08:16:51.000,0.0,0.0,42.13,0.77,0.0,1.427
2020-04-17 08:16:52.000,0.0,0.0,42.13,0.77,0.0,1.453
2020-04-17 08:16:53.000,0.0,0.0,42.13,0.77,0.0,1.44
2020-04-17 08:16:54.000,0.0,0.0,42.13,0.77,0.0,1.413
2020-04-17 08:16:55.000,0.0,0.0,42.13,0.77,0.0,1.427
2020-04-17 08:16:56.000,0.0,0.0,42.13,0.77,0.0,1.44
2020-04-17 08:16:57.000,0.0,0.0,42.13,0.77,0.0,1.427
2020-04-17 08:16:58.000,0.0,0.0,42.13,0.77,0.0,1.413
2020-04-17 08:16:59.000,0.0,0.0,42.13,0.77,0.0,1.057
2020-04-17 08:17:00.000,0.0,0.0,42.13,0.77,0.0,1.413
2020-04-17 08:17:01.000,0.0,0.0,42.13,0.77,0.0,1.07
2020-04-17 08:17:02.000,0.0,0.0,42.13,0.77,0.0,1.427
2020-04-17 08:17:03.000,0.0,0.0,42.13,0.77,0.0,1.057
2020-04-17 08:17:04.000,0.0,0.0,42.13,0.77,0.0,1.427
2020-04-17 08:17:05.000,0.0,0.0,42.13,0.77,0.0,1.07
2020-04-17 08:17:06.000,0.0,0.0,42.13,0.77,0.0,1.427
2020-04-17 08:17:07.000,0.0,0.0,42.13,0.77,0.0,1.057
2020-04-17 08:17:08.000,0.0,0.0,42.13,0.77,0.0,1.083
2020-04-17 08:17:09.000,0.0,0.0,42.13,0.77,0.0,1.427
2020-04-17 08:17:10.000,0.0,0.0,42.13,0.77,0.0,1.07
2020-04-17 08:17:11.000,0.0,0.0,42.13,0.77,0.0,1.4
2020-04-17 08:17:12.000,0.0,0.0,42.13,0.77,0.0,1.413
2020-04-17 08:17:13.000,0.0,0.0,42.13,0.77,0.0,1.427
2020-04-17 08:17:14.000,0.0,0.0,42.13,0.77,0.0,1.4
2020-04-17 08:17:15.000,0.0,0.0,42.13,0.77,0.0,1.057
2020-04-17 08:17:16.000,0.0,0.0,42.13,0.77,0.0,1.427
2020-04-17 08:17:17.000,0.0,0.0,42.13,0.77,0.0,1.413
2020-04-17 08:17:18.000,0.0,0.0,42.13,0.77,0.0,1.413
2020-04-17 08:17:19.000,0.0,0.0,42.13,0.77,0.0,1.057
2020-04-17 08:17:20.000,0.0,0.0,42.13,0.77,0.0,1.427
2020-04-17 08:17:21.000,0.0,0.0,42.13,0.77,0.0,1.4
2020-04-17 08:17:22.000,0.0,0.0,42.13,0.77,0.0,1.057
2020-04-17 08:17:23.000,0.0,0.0,42.13,0.77,0.0,1.427
2020-04-17 08:17:24.000,0.0,0.0,42.13,0.77,0.0,1.057
2020-04-17 08:17:25.000,0.0,0.0,42.13,0.77,0.0,1.4
2020-04-17 08:17:26.000,0.0,0.0,42.13,0.77,0.0,1.308
2020-04-17 08:17:27.000,0.0,0.0,42.13,0.77,0.0,1.321
2020-04-17 08:17:28.000,0.0,0.0,42.13,0.77,0.0,1.004
2020-04-17 08:17:29.000,0.0,0.0,42.13,0.77,0.0,1.334
2020-04-17 08:17:30.000,0.0,0.0,42.13,0.77,0.0,0.991
2020-04-17 08:17:31.000,0.0,0.0,42.13,0.77,0.0,1.321
2020-04-17 08:17:32.000,0.0,0.0,42.13,0.77,0.0,1.017
2020-04-17 08:17:33.000,0.0,0.0,42.13,0.77,0.0,1.334
2020-04-17 08:17:34.000,0.0,0.0,42.13,0.77,0.0,0.991
2020-04-17 08:17:35.000,0.0,0.0,42.13,0.77,0.0,1.321
2020-04-17 08:17:36.000,0.0,0.0,42.13,0.77,0.0,1.004
2020-04-17 08:17:37.000,0.0,0.0,42.13,0.77,0.0,1.334
2020-04-17 08:17:38.000,0.0,0.0,42.13,0.77,0.0,0.991
2020-04-17 08:17:39.000,0.0,0.0,42.13,0.77,0.0,1.321
2020-04-17 08:17:40.000,0.0,0.0,42.13,0.77,0.0,1.004
2020-04-17 08:17:41.000,0.0,0.0,42.13,0.77,0.0,1.334
2020-04-17 08:17:42.000,0.0,0.0,42.13,0.77,0.0,0.977
2020-04-17 08:17:43.000,0.0,0.0,42.13,0.77,0.0,1.347
2020-04-17 08:17:44.000,0.0,0.0,42.13,0.77,0.0,1.017
2020-04-17 08:17:45.000,0.0,0.0,42.13,0.77,0.0,1.334
2020-04-17 08:17:46.000,0.0,0.0,42.13,0.77,0.0,0.991
2020-04-17 08:17:47.000,0.0,0.0,42.13,0.77,0.0,1.321
2020-04-17 08:17:48.000,0.0,0.0,42.13,0.77,0.0,0.991
2020-04-17 08:17:49.000,0.0,0.0,42.13,0.77,0.0,1.334
2020-04-17 08:17:50.000,0.0,0.0,42.13,0.77,0.0,1.004
2020-04-17 08:17:51.000,0.0,0.0,42.13,0.77,0.0,1.308
2020-04-17 08:17:52.000,0.0,0.0,42.13,0.77,0.0,0.977
2020-04-17 08:17:53.000,0.0,0.0,42.13,0.77,0.0,1.308
2020-04-17 08:17:54.000,0.0,0.0,42.13,0.77,0.0,1.294
2020-04-17 08:17:55.000,0.0,0.0,42.13,0.77,0.0,1.334
2020-04-17 08:17:56.000,0.0,0.0,42.13,0.77,0.0,1.321
2020-04-17 08:17:57.000,0.0,0.0,42.13,0.77,0.0,1.017
2020-04-17 08:17:58.000,0.0,0.0,42.13,0.77,0.0,1.308
2020-04-17 08:17:59.000,0.0,0.0,42.13,0.77,0.0,1.294
2020-04-17 08:18:00.000,0.0,0.0,42.13,0.77,0.0,1.004
2020-04-17 08:18:01.000,0.0,0.0,42.13,0.77,0.0,1.321
2020-04-17 08:18:02.000,0.0,0.0,42.13,0.77,0.0,1.308
2020-04-17 08:18:03.000,0.0,0.0,42.13,0.77,0.0,1.308
2020-04-17 08:18:04.000,0.0,0.0,42.13,0.77,0.0,0.991
2020-04-17 08:18:05.000,0.0,0.0,42.13,0.77,0.0,1.321
2020-04-17 08:18:06.000,0.0,0.0,42.13,0.77,0.0,1.308
2020-04-17 08:18:07.000,0.0,0.0,42.13,0.77,0.0,0.991
2020-04-17 08:18:08.000,0.0,0.0,42.13,0.77,0.0,1.321
2020-04-17 08:18:09.000,0.0,0.0,42.13,0.77,0.0,0.964
2020-04-17 08:18:10.000,0.0,0.0,42.13,0.77,0.0,1.321
2020-04-17 08:18:11.000,0.0,0.0,42.13,0.77,0.0,1.004
2020-04-17 08:18:12.000,0.0,0.0,42.13,0.77,0.0,1.321
2020-04-17 08:18:13.000,0.0,0.0,42.13,0.77,0.0,1.294
2020-04-17 08:18:14.000,0.0,0.0,42.13,0.77,0.0,1.308
2020-04-17 08:18:15.000,0.0,0.0,42.13,0.77,0.0,0.991
2020-04-17 08:18:16.000,0.0,0.0,42.13,0.77,0.0,1.294
2020-04-17 08:18:17.000,0.0,0.0,42.13,0.77,0.0,1.308
2020-04-17 08:18:18.000,0.0,0.0,42.13,0.77,0.0,1.321
2020-04-17 08:18:19.000,0.0,0.0,42.13,0.77,0.0,1.294
2020-04-17 08:18:20.000,0.0,0.0,42.13,0.77,0.0,1.294
2020-04-17 08:18:21.000,0.0,0.0,42.13,0.77,0.0,1.308
2020-04-17 08:18:22.000,0.0,0.0,42.13,0.77,0.0,1.321
2020-04-17 08:18:23.000,0.0,0.0,42.13,0.77,0.0,1.294
2020-04-17 08:18:24.000,0.0,0.0,42.13,0.77,0.0,1.321
2020-04-17 08:18:25.000,0.0,0.0,42.13,0.77,0.0,1.347
2020-04-17 08:18:26.000,0.0,0.0,42.13,0.77,0.0,1.321
2020-04-17 08:18:27.000,0.0,0.0,42.13,0.77,0.0,1.334
2020-04-17 08:18:28.000,0.0,0.0,42.13,0.77,0.0,1.36
2020-04-17 08:18:29.000,0.0,0.0,42.13,0.77,0.0,1.334
2020-04-17 08:18:30.000,0.0,0.0,42.13,0.77,0.0,1.347
2020-04-17 08:18:31.000,0.0,0.0,42.13,0.77,0.0,1.374
2020-04-17 08:18:32.000,0.0,0.0,42.13,0.77,0.0,1.36
2020-04-17 08:18:33.000,0.0,0.0,42.13,0.77,0.0,1.334
2020-04-17 08:18:34.000,0.0,0.0,42.13,0.77,0.0,1.347
2020-04-17 08:18:35.000,0.0,0.0,42.13,0.77,0.0,1.36
2020-04-17 08:18:36.000,0.0,0.0,42.13,0.77,0.0,1.347
2020-04-17 08:18:37.000,0.0,0.0,42.13,0.77,0.0,1.36
2020-04-17 08:18:38.000,0.0,0.0,42.13,0.77,0.0,1.004
2020-04-17 08:18:39.000,0.0,0.0,42.13,0.77,0.0,1.347
2020-04-17 08:18:40.000,0.0,0.0,42.13,0.77,0.0,1.36
2020-04-17 08:18:41.000,0.0,0.0,42.13,0.77,0.0,1.374
2020-04-17 08:18:42.000,0.0,0.0,42.13,0.77,0.0,1.374
2020-04-17 08:18:43.000,0.0,0.0,42.13,0.77,0.0,1.347
2020-04-17 08:18:44.000,0.0,0.0,42.13,0.77,0.0,1.36
2020-04-17 08:18:45.000,0.0,0.0,42.13,0.77,0.0,1.387
2020-04-17 08:18:46.000,0.0,0.0,42.13,0.77,0.0,1.36
2020-04-17 08:18:47.000,0.0,0.0,42.13,0.77,0.0,1.374
2020-04-17 08:18:48.000,0.0,0.0,42.13,0.77,0.0,1.36
2020-04-17 08:18:49.000,0.0,0.0,42.13,0.77,0.0,1.004
2020-04-17 08:18:50.000,0.0,0.0,42.13,0.77,0.0,1.387
2020-04-17 08:18:51.000,0.0,0.0,42.13,0.77,0.0,1.043
2020-04-17 08:18:52.000,0.0,0.0,42.13,0.77,0.0,1.374
2020-04-17 08:18:53.000,0.0,0.0,42.13,0.77,0.0,1.004
2020-04-17 08:18:54.000,0.0,0.0,42.13,0.77,0.0,1.374
2020-04-17 08:18:55.000,0.0,0.0,42.13,0.77,0.0,1.03
2020-04-17 08:18:56.000,0.0,0.0,42.13,0.77,0.0,1.4
2020-04-17 08:18:57.000,0.0,0.0,42.13,0.77,0.0,1.36
2020-04-17 08:18:58.000,0.0,0.0,42.13,0.77,0.0,1.03
2020-04-17 08:18:59.000,0.0,0.0,42.13,0.77,0.0,1.347
2020-04-17 08:19:00.000,0.0,0.0,42.13,0.77,0.0,1.017
2020-04-17 08:19:01.000,0.0,0.0,42.13,0.77,0.0,1.347
2020-04-17 08:19:02.000,0.0,0.0,42.13,0.77,0.0,1.36
2020-04-17 08:19:03.000,0.0,0.0,42.13,0.77,0.0,1.374
2020-04-17 08:19:04.000,0.0,0.0,42.13,0.77,0.0,1.36
2020-04-17 08:19:05.000,0.0,0.0,42.13,0.77,0.0,1.36
2020-04-17 08:19:06.000,0.0,0.0,42.13,0.77,0.0,1.017
2020-04-17 08:19:07.000,0.0,0.0,42.13,0.77,0.0,1.387
2020-04-17 08:19:08.000,0.0,0.0,42.13,0.77,0.0,1.294
2020-04-17 08:19:09.000,0.0,0.0,42.13,0.77,0.0,0.951
2020-04-17 08:19:10.000,0.0,0.0,42.13,0.77,0.0,1.281
2020-04-17 08:19:11.000,0.0,0.0,42.13,0.77,0.0,0.977
2020-04-17 08:19:12.000,0.0,0.0,42.13,0.77,0.0,1.294
2020-04-17 08:19:13.000,0.0,0.0,42.13,0.77,0.0,0.964
2020-04-17 08:19:14.000,0.0,0.0,42.13,0.77,0.0,1.308
2020-04-17 08:19:15.000,0.0,0.0,42.13,0.77,0.0,0.977
2020-04-17 08:19:16.000,0.0,0.0,42.13,0.77,0.0,1.294
2020-04-17 08:19:17.000,0.0,0.0,42.13,0.77,0.0,0.964
2020-04-17 08:19:18.000,0.0,0.0,42.13,0.77,0.0,1.281
2020-04-17 08:19:19.000,0.0,0.0,42.13,0.77,0.0,0.951
2020-04-17 08:19:20.000,0.0,0.0,42.13,0.77,0.0,1.268
2020-04-17 08:19:21.000,0.0,0.0,42.13,0.77,0.0,0.938
2020-04-17 08:19:22.000,0.0,0.0,42.13,0.77,0.0,1.281
2020-04-17 08:19:23.000,0.0,0.0,42.13,0.77,0.0,0.964
2020-04-17 08:19:24.000,0.0,0.0,42.13,0.77,0.0,1.268
2020-04-17 08:19:25.000,0.0,0.0,42.13,0.77,0.0,1.294
2020-04-17 08:19:26.000,0.0,0.0,42.13,0.77,0.0,0.977
2020-04-17 08:19:27.000,0.0,0.0,42.13,0.77,0.0,1.281
2020-04-17 08:19:28.000,0.0,0.0,42.13,0.77,0.0,1.294
2020-04-17 08:19:29.000,0.0,0.0,42.13,0.77,0.0,1.281
2020-04-17 08:19:30.000,0.0,0.0,42.13,0.77,0.0,0.951
2020-04-17 08:19:31.000,0.0,0.0,42.13,0.77,0.0,0.964
2020-04-17 08:19:32.000,0.0,0.0,42.13,0.77,0.0,0.964
2020-04-17 08:19:33.000,0.0,0.0,42.13,0.77,0.0,0.951
2020-04-17 08:19:34.000,0.0,0.0,42.13,0.77,0.0,1.268
2020-04-17 08:19:35.000,0.0,0.0,42.13,0.77,0.0,0.951
2020-04-17 08:19:36.000,0.0,0.0,42.13,0.77,0.0,1.268
2020-04-17 08:19:37.000,0.0,0.0,42.13,0.77,0.0,0.951
2020-04-17 08:19:38.000,0.0,0.0,42.13,0.77,0.0,1.281
2020-04-17 08:19:39.000,0.0,0.0,42.13,0.77,0.0,0.964
2020-04-17 08:19:40.000,0.0,0.0,42.13,0.77,0.0,1.268
2020-04-17 08:19:41.000,0.0,0.0,42.13,0.77,0.0,0.951
2020-04-17 08:19:42.000,0.0,0.0,42.13,0.77,0.0,1.294
2020-04-17 08:19:43.000,0.0,0.0,42.13,0.77,0.0,0.964
2020-04-17 08:19:44.000,0.0,0.0,42.13,0.77,0.0,1.281
2020-04-17 08:19:45.000,0.0,0.0,42.13,0.77,0.0,0.951
2020-04-17 08:19:46.000,0.0,0.0,42.13,0.77,0.0,1.268
2020-04-17 08:19:47.000,0.0,0.0,42.13,0.77,0.0,0.964
2020-04-17 08:19:48.000,0.0,0.0,42.13,0.77,0.0,1.281
2020-04-17 08:19:49.000,0.0,0.0,42.13,0.77,0.0,0.951
2020-04-17 08:19:50.000,0.0,0.0,42.13,0.77,0.0,1.268
2020-04-17 08:19:51.000,0.0,0.0,42.13,0.77,0.0,1.281
2020-04-17 08:19:52.000,0.0,0.0,42.13,0.77,0.0,0.938
2020-04-17 08:19:53.000,0.0,0.0,42.13,0.77,0.0,1.268
2020-04-17 08:19:54.000,0.0,0.0,42.13,0.77,0.0,1.255
2020-04-17 08:19:55.000,0.0,0.0,42.13,0.77,0.0,0.951
2020-04-17 08:19:56.000,0.0,0.0,42.13,0.77,0.0,1.255
2020-04-17 08:19:57.000,0.0,0.0,42.13,0.77,0.0,0.964
2020-04-17 08:19:58.000,0.0,0.0,42.13,0.77,0.0,0.951
2020-04-17 08:19:59.000,0.0,0.0,42.13,0.77,0.0,1.268
2020-04-17 08:20:00.000,0.0,0.0,42.75,0.76,0.0,0.964
2020-04-17 08:20:01.000,0.0,0.0,42.75,0.76,0.0,1.294
2020-04-17 08:20:02.000,0.0,0.0,42.75,0.76,0.0,0.964
2020-04-17 08:20:03.000,0.0,0.0,42.75,0.76,0.0,0.977
2020-04-17 08:20:04.000,0.0,0.0,42.75,0.76,0.0,1.308
2020-04-17 08:20:05.000,0.0,0.0,42.75,0.76,0.0,1.334
2020-04-17 08:20:06.000,0.0,0.0,42.75,0.76,0.0,1.334
2020-04-17 08:20:07.000,0.0,0.0,42.75,0.76,0.0,0.977
2020-04-17 08:20:08.000,0.0,0.0,42.75,0.76,0.0,1.308
2020-04-17 08:20:09.000,0.0,0.0,42.75,0.76,0.0,0.977
2020-04-17 08:20:10.000,0.0,0.0,42.75,0.76,0.0,1.294
2020-04-17 08:20:11.000,0.0,0.0,42.75,0.76,0.0,0.977
2020-04-17 08:20:12.000,0.0,0.0,42.75,0.76,0.0,1.321
2020-04-17 08:20:13.000,0.0,0.0,42.75,0.76,0.0,1.294
2020-04-17 08:20:14.000,0.0,0.0,42.75,0.76,0.0,1.321
2020-04-17 08:20:15.000,0.0,0.0,42.75,0.76,0.0,0.977
2020-04-17 08:20:16.000,0.0,0.0,42.75,0.76,0.0,1.308
2020-04-17 08:20:17.000,0.0,0.0,42.75,0.76,0.0,0.991
2020-04-17 08:20:18.000,0.0,0.0,42.75,0.76,0.0,1.308
2020-04-17 08:20:19.000,0.0,0.0,42.75,0.76,0.0,0.977
2020-04-17 08:20:20.000,0.0,0.0,42.75,0.76,0.0,1.294
2020-04-17 08:20:21.000,0.0,0.0,42.75,0.76,0.0,1.321
2020-04-17 08:20:22.000,0.0,0.0,42.75,0.76,0.0,0.991
2020-04-17 08:20:23.000,0.0,0.0,42.75,0.76,0.0,1.321
2020-04-17 08:20:24.000,0.0,0.0,42.75,0.76,0.0,1.004
2020-04-17 08:20:25.000,0.0,0.0,42.75,0.76,0.0,0.991
2020-04-17 08:20:26.000,0.0,0.0,42.75,0.76,0.0,1.347
2020-04-17 08:20:27.000,0.0,0.0,42.75,0.76,0.0,0.991
2020-04-17 08:20:28.000,0.0,0.0,42.75,0.76,0.0,1.321
2020-04-17 08:20:29.000,0.0,0.0,42.75,0.76,0.0,1.004
2020-04-17 08:20:30.000,0.0,0.0,42.75,0.76,0.0,1.334
2020-04-17 08:20:31.000,0.0,0.0,42.75,0.76,0.0,1.321
2020-04-17 08:20:32.000,0.0,0.0,42.75,0.76,0.0,1.347
2020-04-17 08:20:33.000,0.0,0.0,42.75,0.76,0.0,1.334
2020-04-17 08:20:34.000,0.0,0.0,42.75,0.76,0.0,1.334
2020-04-17 08:20:35.000,0.0,0.0,42.75,0.76,0.0,0.991
2020-04-17 08:20:36.000,0.0,0.0,42.75,0.76,0.0,1.334
2020-04-17 08:20:37.000,0.0,0.0,42.75,0.76,0.0,0.991
2020-04-17 08:20:38.000,0.0,0.0,42.75,0.76,0.0,1.321
2020-04-17 08:20:39.000,0.0,0.0,42.75,0.76,0.0,1.347
2020-04-17 08:20:40.000,0.0,0.0,42.75,0.76,0.0,1.242
2020-04-17 08:20:41.000,0.0,0.0,42.75,0.76,0.0,1.255
2020-04-17 08:20:42.000,0.0,0.0,42.75,0.76,0.0,1.242
2020-04-17 08:20:43.000,0.0,0.0,42.75,0.76,0.0,0.938
2020-04-17 08:20:44.000,0.0,0.0,42.75,0.76,0.0,1.228
2020-04-17 08:20:45.000,0.0,0.0,42.75,0.76,0.0,1.242
2020-04-17 08:20:46.000,0.0,0.0,42.75,0.76,0.0,0.925
2020-04-17 08:20:47.000,0.0,0.0,42.75,0.76,0.0,1.242
2020-04-17 08:20:48.000,0.0,0.0,42.75,0.76,0.0,0.925
2020-04-17 08:20:49.000,0.0,0.0,42.75,0.76,0.0,0.925
2020-04-17 08:20:50.000,0.0,0.0,42.75,0.76,0.0,1.228
2020-04-17 08:20:51.000,0.0,0.0,42.75,0.76,0.0,0.925
2020-04-17 08:20:52.000,0.0,0.0,42.75,0.76,0.0,1.215
2020-04-17 08:20:53.000,0.0,0.0,42.75,0.76,0.0,1.242
2020-04-17 08:20:54.000,0.0,0.0,42.75,0.76,0.0,0.911
2020-04-17 08:20:55.000,0.0,0.0,42.75,0.76,0.0,1.215
2020-04-17 08:20:56.000,0.0,0.0,42.75,0.76,0.0,1.242
2020-04-17 08:20:57.000,0.0,0.0,42.75,0.76,0.0,1.228
2020-04-17 08:20:58.000,0.0,0.0,42.75,0.76,0.0,1.242
2020-04-17 08:20:59.000,0.0,0.0,42.75,0.76,0.0,1.228
2020-04-17 08:21:00.000,0.0,0.0,42.75,0.76,0.0,1.242
2020-04-17 08:21:01.000,0.0,0.0,42.75,0.76,0.0,0.911
2020-04-17 08:21:02.000,0.0,0.0,42.75,0.76,0.0,0.925
2020-04-17 08:21:03.000,0.0,0.0,42.75,0.76,0.0,1.228
2020-04-17 08:21:04.000,0.0,0.0,42.75,0.76,0.0,1.228
2020-04-17 08:21:05.000,0.0,0.0,42.75,0.76,0.0,1.215
2020-04-17 08:21:06.000,0.0,0.0,42.75,0.76,0.0,1.242
2020-04-17 08:21:07.000,0.0,0.0,42.75,0.76,0.0,0.911
2020-04-17 08:21:08.000,0.0,0.0,42.75,0.76,0.0,1.215
2020-04-17 08:21:09.000,0.0,0.0,42.75,0.76,0.0,0.925
2020-04-17 08:21:10.000,0.0,0.0,42.75,0.76,0.0,1.228
2020-04-17 08:21:11.000,0.0,0.0,42.75,0.76,0.0,0.911
2020-04-17 08:21:12.000,0.0,0.0,42.75,0.76,0.0,1.228
2020-04-17 08:21:13.000,0.0,0.0,42.75,0.76,0.0,0.911
2020-04-17 08:21:14.000,0.0,0.0,42.75,0.76,0.0,1.215
2020-04-17 08:21:15.000,0.0,0.0,42.75,0.76,0.0,0.911
2020-04-17 08:21:16.000,0.0,0.0,42.75,0.76,0.0,1.215
2020-04-17 08:21:17.000,0.0,0.0,42.75,0.76,0.0,0.911
2020-04-17 08:21:18.000,0.0,0.0,42.75,0.76,0.0,1.215
2020-04-17 08:21:19.000,0.0,0.0,42.75,0.76,0.0,0.911
2020-04-17 08:21:20.000,0.0,0.0,42.75,0.76,0.0,1.215
2020-04-17 08:21:21.000,0.0,0.0,42.75,0.76,0.0,0.911
2020-04-17 08:21:22.000,0.0,0.0,42.75,0.76,0.0,1.228
2020-04-17 08:21:23.000,0.0,0.0,42.75,0.76,0.0,1.215
2020-04-17 08:21:24.000,0.0,0.0,42.75,0.76,0.0,0.898
2020-04-17 08:21:25.000,0.0,0.0,42.75,0.76,0.0,0.898
2020-04-17 08:21:26.000,0.0,0.0,42.75,0.76,0.0,0.911
2020-04-17 08:21:27.000,0.0,0.0,42.75,0.76,0.0,1.215
2020-04-17 08:21:28.000,0.0,0.0,42.75,0.76,0.0,1.202
2020-04-17 08:21:29.000,0.0,0.0,42.75,0.76,0.0,1.242
2020-04-17 08:21:30.000,0.0,0.0,42.75,0.76,0.0,1.228
2020-04-17 08:21:31.000,0.0,0.0,42.75,0.76,0.0,1.242
2020-04-17 08:21:32.000,0.0,0.0,42.75,0.76,0.0,1.255
2020-04-17 08:21:33.000,0.0,0.0,42.75,0.76,0.0,1.242
2020-04-17 08:21:34.000,0.0,0.0,42.75,0.76,0.0,1.255
2020-04-17 08:21:35.000,0.0,0.0,42.75,0.76,0.0,1.268
2020-04-17 08:21:36.000,0.0,0.0,42.75,0.76,0.0,0.951
2020-04-17 08:21:37.000,0.0,0.0,42.75,0.76,0.0,1.268
2020-04-17 08:21:38.000,0.0,0.0,42.75,0.76,0.0,1.255
2020-04-17 08:21:39.000,0.0,0.0,42.75,0.76,0.0,0.951
2020-04-17 08:21:40.000,0.0,0.0,42.75,0.76,0.0,1.255
2020-04-17 08:21:41.000,0.0,0.0,42.75,0.76,0.0,1.268
2020-04-17 08:21:42.000,0.0,0.0,42.75,0.76,0.0,0.951
2020-04-17 08:21:43.000,0.0,0.0,42.75,0.76,0.0,1.268
2020-04-17 08:21:44.000,0.0,0.0,42.75,0.76,0.0,0.938
2020-04-17 08:21:45.000,0.0,0.0,42.75,0.76,0.0,0.938
2020-04-17 08:21:46.000,0.0,0.0,42.75,0.76,0.0,0.951
2020-04-17 08:21:47.000,0.0,0.0,42.75,0.76,0.0,1.281
2020-04-17 08:21:48.000,0.0,0.0,42.75,0.76,0.0,0.951
2020-04-17 08:21:49.000,0.0,0.0,42.75,0.76,0.0,1.281
2020-04-17 08:21:50.000,0.0,0.0,42.75,0.76,0.0,0.951
2020-04-17 08:21:51.000,0.0,0.0,42.75,0.76,0.0,1.281
2020-04-17 08:21:52.000,0.0,0.0,42.75,0.76,0.0,0.951
2020-04-17 08:21:53.000,0.0,0.0,42.75,0.76,0.0,1.281
2020-04-17 08:21:54.000,0.0,0.0,42.75,0.76,0.0,0.964
2020-04-17 08:21:55.000,0.0,0.0,42.75,0.76,0.0,1.294
2020-04-17 08:21:56.000,0.0,0.0,42.75,0.76,0.0,0.938
2020-04-17 08:21:57.000,0.0,0.0,42.75,0.76,0.0,1.294
2020-04-17 08:21:58.000,0.0,0.0,42.75,0.76,0.0,0.964
2020-04-17 08:21:59.000,0.0,0.0,42.75,0.76,0.0,1.281
2020-04-17 08:22:00.000,0.0,0.0,42.75,0.76,0.0,0.951
2020-04-17 08:22:01.000,0.0,0.0,42.75,0.76,0.0,1.268
2020-04-17 08:22:02.000,0.0,0.0,42.75,0.76,0.0,1.004
2020-04-17 08:22:03.000,0.0,0.0,42.75,0.76,0.0,1.136
2020-04-17 08:22:04.000,0.0,0.0,42.75,0.76,0.0,1.453
2020-04-17 08:22:05.000,0.0,0.0,42.75,0.76,0.0,1.73
2020-04-17 08:22:06.000,0.0,0.0,42.75,0.76,0.0,2.43
2020-04-17 08:22:07.000,0.0,0.0,42.75,0.76,0.0,2.576
2020-04-17 08:22:08.000,0.0,0.0,42.75,0.76,0.0,2.629
2020-04-17 08:22:09.000,0.0,0.0,42.75,0.76,0.0,2.404
2020-04-17 08:22:10.000,0.0,0.0,42.75,0.76,0.0,2.14
2020-04-17 08:22:11.000,0.0,0.0,42.75,0.76,0.0,2.179
2020-04-17 08:22:12.000,0.0,0.0,42.75,0.76,0.0,2.166
2020-04-17 08:22:13.000,0.0,0.0,42.75,0.76,0.0,2.193
2020-04-17 08:22:14.000,0.0,0.0,42.75,0.76,0.0,2.179
2020-04-17 08:22:15.000,0.0,0.0,42.75,0.76,0.0,2.166
2020-04-17 08:22:16.000,0.0,0.0,42.75,0.76,0.0,2.153
2020-04-17 08:22:17.000,0.0,0.0,42.75,0.76,0.0,2.153
2020-04-17 08:22:18.000,0.0,0.0,42.75,0.76,0.0,2.14
2020-04-17 08:22:19.000,0.0,0.0,42.75,0.76,0.0,2.153
2020-04-17 08:22:20.000,0.0,0.0,42.75,0.76,0.0,2.14
2020-04-17 08:22:21.000,0.0,0.0,42.75,0.76,0.0,2.153
2020-04-17 08:22:22.000,0.0,0.0,42.75,0.76,0.0,2.179
2020-04-17 08:22:23.000,0.0,0.0,42.75,0.76,0.0,2.127
2020-04-17 08:22:24.000,0.0,0.0,42.75,0.76,0.0,2.14
2020-04-17 08:22:25.000,0.0,0.0,42.75,0.76,0.0,2.166
2020-04-17 08:22:26.000,0.0,0.0,42.75,0.76,0.0,2.153
2020-04-17 08:22:27.000,0.0,0.0,42.75,0.76,0.0,2.14
2020-04-17 08:22:28.000,0.0,0.0,42.75,0.76,0.0,2.153
2020-04-17 08:22:29.000,0.0,0.0,42.75,0.76,0.0,2.193
2020-04-17 08:22:30.000,0.0,0.0,42.75,0.76,0.0,2.193
2020-04-17 08:22:31.000,0.0,0.0,42.75,0.76,0.0,2.166
2020-04-17 08:22:32.000,0.0,0.0,42.75,0.76,0.0,2.179
2020-04-17 08:22:33.000,0.0,0.0,42.75,0.76,0.0,2.193
2020-04-17 08:22:34.000,0.0,0.0,42.75,0.76,0.0,2.166
2020-04-17 08:22:35.000,0.0,0.0,42.75,0.76,0.0,2.193
2020-04-17 08:22:36.000,0.0,0.0,42.75,0.76,0.0,2.179
2020-04-17 08:22:37.000,0.0,0.0,42.75,0.76,0.0,2.153
2020-04-17 08:22:38.000,0.0,0.0,42.75,0.76,0.0,2.166
2020-04-17 08:22:39.000,0.0,0.0,42.75,0.76,0.0,2.179
2020-04-17 08:22:40.000,0.0,0.0,42.75,0.76,0.0,2.153
2020-04-17 08:22:41.000,0.0,0.0,42.75,0.76,0.0,2.166
2020-04-17 08:22:42.000,0.0,0.0,42.75,0.76,0.0,2.193
2020-04-17 08:22:43.000,0.0,0.0,42.75,0.76,0.0,2.166
2020-04-17 08:22:44.000,0.0,0.0,42.75,0.76,0.0,2.179
2020-04-17 08:22:45.000,0.0,0.0,42.75,0.76,0.0,2.179
2020-04-17 08:22:46.000,0.0,0.0,42.75,0.76,0.0,2.206
2020-04-17 08:22:47.000,0.0,0.0,42.75,0.76,0.0,2.179
2020-04-17 08:22:48.000,0.0,0.0,42.75,0.76,0.0,2.166
2020-04-17 08:22:49.000,0.0,0.0,42.75,0.76,0.0,2.193
2020-04-17 08:22:50.000,0.0,0.0,42.75,0.76,0.0,2.179
2020-04-17 08:22:51.000,0.0,0.0,42.75,0.76,0.0,2.206
2020-04-17 08:22:52.000,0.0,0.0,42.75,0.76,0.0,2.219
2020-04-17 08:22:53.000,0.0,0.0,42.75,0.76,0.0,2.206
2020-04-17 08:22:54.000,0.0,0.0,42.75,0.76,0.0,2.193
2020-04-17 08:22:55.000,0.0,0.0,42.75,0.76,0.0,2.193
2020-04-17 08:22:56.000,0.0,0.0,42.75,0.76,0.0,2.232
2020-04-17 08:22:57.000,0.0,0.0,42.75,0.76,0.0,2.193
2020-04-17 08:22:58.000,0.0,0.0,42.75,0.76,0.0,2.245
2020-04-17 08:22:59.000,0.0,0.0,42.75,0.76,0.0,2.272
2020-04-17 08:23:00.000,0.0,0.0,42.75,0.76,0.0,2.259
2020-04-17 08:23:01.000,0.0,0.0,42.75,0.76,0.0,2.245
2020-04-17 08:23:02.000,0.0,0.0,42.75,0.76,0.0,2.232
2020-04-17 08:23:03.000,0.0,0.0,42.75,0.76,0.0,2.219
2020-04-17 08:23:04.000,0.0,0.0,42.75,0.76,0.0,2.206
2020-04-17 08:23:05.000,0.0,0.0,42.75,0.76,0.0,2.179
2020-04-17 08:23:06.000,0.0,0.0,42.75,0.76,0.0,2.193
2020-04-17 08:23:07.000,0.0,0.0,42.75,0.76,0.0,2.179
2020-04-17 08:23:08.000,0.0,0.0,42.75,0.76,0.0,2.166
2020-04-17 08:23:09.000,0.0,0.0,42.75,0.76,0.0,2.193
2020-04-17 08:23:10.000,0.0,0.0,42.75,0.76,0.0,2.206
2020-04-17 08:23:11.000,0.0,0.0,42.75,0.76,0.0,2.219
2020-04-17 08:23:12.000,0.0,0.0,42.75,0.76,0.0,2.245
2020-04-17 08:23:13.000,0.0,0.0,42.75,0.76,0.0,2.232
2020-04-17 08:23:14.000,0.0,0.0,42.75,0.76,0.0,2.245
2020-04-17 08:23:15.000,0.0,0.0,42.75,0.76,0.0,2.259
2020-04-17 08:23:16.000,0.0,0.0,42.75,0.76,0.0,2.232
2020-04-17 08:23:17.000,0.0,0.0,42.75,0.76,0.0,2.285
2020-04-17 08:23:18.000,0.0,0.0,42.75,0.76,0.0,2.232
2020-04-17 08:23:19.000,0.0,0.0,42.75,0.76,0.0,2.219
2020-04-17 08:23:20.000,0.0,0.0,42.75,0.76,0.0,2.272
2020-04-17 08:23:21.000,0.0,0.0,42.75,0.76,0.0,2.245
2020-04-17 08:23:22.000,0.0,0.0,42.75,0.76,0.0,2.259
2020-04-17 08:23:23.000,0.0,0.0,42.75,0.76,0.0,2.259
2020-04-17 08:23:24.000,0.0,0.0,42.75,0.76,0.0,2.285
2020-04-17 08:23:25.000,0.0,0.0,42.75,0.76,0.0,2.245
2020-04-17 08:23:26.000,0.0,0.0,42.75,0.76,0.0,2.219
2020-04-17 08:23:27.000,0.0,0.0,42.75,0.76,0.0,2.206
2020-04-17 08:23:28.000,0.0,0.0,42.75,0.76,0.0,2.259
2020-04-17 08:23:29.000,0.0,0.0,42.75,0.76,0.0,2.245
2020-04-17 08:23:30.000,0.0,0.0,42.75,0.76,0.0,2.272
2020-04-17 08:23:31.000,0.0,0.0,42.75,0.76,0.0,2.338
2020-04-17 08:23:32.000,0.0,0.0,42.75,0.76,0.0,2.391
2020-04-17 08:23:33.000,0.0,0.0,42.75,0.76,0.0,2.404
2020-04-17 08:23:34.000,0.0,0.0,42.75,0.76,0.0,2.404
2020-04-17 08:23:35.000,0.0,0.0,42.75,0.76,0.0,2.417
2020-04-17 08:23:36.000,0.0,0.0,42.75,0.76,0.0,2.457
2020-04-17 08:23:37.000,0.0,0.0,42.75,0.76,0.0,2.47
2020-04-17 08:23:38.000,0.0,0.0,42.75,0.76,0.0,2.378
2020-04-17 08:23:39.000,0.0,0.0,42.75,0.76,0.0,2.364
2020-04-17 08:23:40.000,0.0,0.0,42.75,0.76,0.0,2.325
2020-04-17 08:23:41.000,0.0,0.0,42.75,0.76,0.0,2.338
2020-04-17 08:23:42.000,0.0,0.0,42.75,0.76,0.0,2.325
2020-04-17 08:23:43.000,0.0,0.0,42.75,0.76,0.0,2.245
2020-04-17 08:23:44.000,0.0,0.0,42.75,0.76,0.0,2.232
2020-04-17 08:23:45.000,0.0,0.0,42.75,0.76,0.0,2.219
2020-04-17 08:23:46.000,0.0,0.0,42.75,0.76,0.0,2.245
2020-04-17 08:23:47.000,0.0,0.0,42.75,0.76,0.0,2.245
2020-04-17 08:23:48.000,0.0,0.0,42.75,0.76,0.0,2.259
2020-04-17 08:23:49.000,0.0,0.0,42.75,0.76,0.0,2.245
2020-04-17 08:23:50.000,0.0,0.0,42.75,0.76,0.0,2.259
2020-04-17 08:23:51.000,0.0,0.0,42.75,0.76,0.0,2.272
2020-04-17 08:23:52.000,0.0,0.0,42.75,0.76,0.0,2.259
2020-04-17 08:23:53.000,0.0,0.0,42.75,0.76,0.0,2.259
2020-04-17 08:23:54.000,0.0,0.0,42.75,0.76,0.0,2.245
2020-04-17 08:23:55.000,0.0,0.0,42.75,0.76,0.0,2.259
2020-04-17 08:23:56.000,0.0,0.0,42.75,0.76,0.0,2.272
2020-04-17 08:23:57.000,0.0,0.0,42.75,0.76,0.0,2.259
2020-04-17 08:23:58.000,0.0,0.0,42.75,0.76,0.0,2.245
2020-04-17 08:23:59.000,0.0,0.0,42.75,0.76,0.0,2.259
2020-04-17 08:24:00.000,0.0,0.0,42.75,0.76,0.0,2.272
2020-04-17 08:24:01.000,0.0,0.0,42.75,0.76,0.0,2.245
2020-04-17 08:24:02.000,0.0,0.0,42.75,0.76,0.0,2.285
2020-04-17 08:24:03.000,0.0,0.0,42.75,0.76,0.0,2.298
2020-04-17 08:24:04.000,0.0,0.0,42.75,0.76,0.0,2.338
2020-04-17 08:24:05.000,0.0,0.0,42.75,0.76,0.0,2.351
2020-04-17 08:24:06.000,0.0,0.0,42.75,0.76,0.0,2.364
2020-04-17 08:24:07.000,0.0,0.0,42.75,0.76,0.0,2.378
2020-04-17 08:24:08.000,0.0,0.0,42.75,0.76,0.0,2.391
2020-04-17 08:24:09.000,0.0,0.0,42.75,0.76,0.0,2.404
2020-04-17 08:24:10.000,0.0,0.0,42.75,0.76,0.0,2.47
2020-04-17 08:24:11.000,0.0,0.0,42.75,0.76,0.0,2.51
2020-04-17 08:24:12.000,0.0,0.0,42.75,0.76,0.0,2.457
2020-04-17 08:24:13.000,0.0,0.0,42.75,0.76,0.0,2.444
2020-04-17 08:24:14.000,0.0,0.0,42.75,0.76,0.0,2.444
2020-04-17 08:24:15.000,0.0,0.0,42.75,0.76,0.0,2.417
2020-04-17 08:24:16.000,0.0,0.0,42.75,0.76,0.0,2.351
2020-04-17 08:24:17.000,0.0,0.0,42.75,0.76,0.0,2.364
2020-04-17 08:24:18.000,0.0,0.0,42.75,0.76,0.0,2.272
2020-04-17 08:24:19.000,0.0,0.0,42.75,0.76,0.0,2.193
2020-04-17 08:24:20.000,0.0,0.0,42.75,0.76,0.0,2.232
2020-04-17 08:24:21.000,0.0,0.0,42.75,0.76,0.0,2.179
2020-04-17 08:24:22.000,0.0,0.0,42.75,0.76,0.0,2.153
2020-04-17 08:24:23.000,0.0,0.0,42.75,0.76,0.0,2.193
2020-04-17 08:24:24.000,0.0,0.0,42.75,0.76,0.0,2.153
2020-04-17 08:24:25.000,0.0,0.0,42.75,0.76,0.0,2.219
2020-04-17 08:24:26.000,0.0,0.0,42.75,0.76,0.0,2.179
2020-04-17 08:24:27.000,0.0,0.0,42.75,0.76,0.0,2.206
2020-04-17 08:24:28.000,0.0,0.0,42.75,0.76,0.0,2.245
2020-04-17 08:24:29.000,0.0,0.0,42.75,0.76,0.0,2.232
2020-04-17 08:24:30.000,0.0,0.0,42.75,0.76,0.0,2.259
2020-04-17 08:24:31.000,0.0,0.0,42.75,0.76,0.0,2.285
2020-04-17 08:24:32.000,0.0,0.0,42.75,0.76,0.0,2.272
2020-04-17 08:24:33.000,0.0,0.0,42.75,0.76,0.0,2.259
2020-04-17 08:24:34.000,0.0,0.0,42.75,0.76,0.0,2.285
2020-04-17 08:24:35.000,0.0,0.0,42.75,0.76,0.0,2.298
2020-04-17 08:24:36.000,0.0,0.0,42.75,0.76,0.0,2.298
2020-04-17 08:24:37.000,0.0,0.0,42.75,0.76,0.0,2.272
2020-04-17 08:24:38.000,0.0,0.0,42.75,0.76,0.0,2.298
2020-04-17 08:24:39.000,0.0,0.0,42.75,0.76,0.0,2.259
2020-04-17 08:24:40.000,0.0,0.0,42.75,0.76,0.0,2.285
2020-04-17 08:24:41.000,0.0,0.0,42.75,0.76,0.0,2.272
2020-04-17 08:24:42.000,0.0,0.0,42.75,0.76,0.0,2.113
2020-04-17 08:24:43.000,0.0,0.0,42.75,0.76,0.0,2.153
2020-04-17 08:24:44.000,0.0,0.0,42.75,0.76,0.0,2.245
2020-04-17 08:24:45.000,0.0,0.0,42.75,0.76,0.0,2.232
2020-04-17 08:24:46.000,0.0,0.0,42.75,0.76,0.0,2.259
2020-04-17 08:24:47.000,0.0,0.0,42.75,0.76,0.0,2.312
2020-04-17 08:24:48.000,0.0,0.0,42.75,0.76,0.0,2.325
2020-04-17 08:24:49.000,0.0,0.0,42.75,0.76,0.0,2.351
2020-04-17 08:24:50.000,0.0,0.0,42.75,0.76,0.0,2.338
2020-04-17 08:24:51.000,0.0,0.0,42.75,0.76,0.0,2.378
2020-04-17 08:24:52.000,0.0,0.0,42.75,0.76,0.0,2.391
2020-04-17 08:24:53.000,0.0,0.0,42.75,0.76,0.0,2.457
2020-04-17 08:24:54.000,0.0,0.0,42.75,0.76,0.0,2.496
2020-04-17 08:24:55.000,0.0,0.0,42.75,0.76,0.0,2.496
2020-04-17 08:24:56.000,0.0,0.0,42.75,0.76,0.0,2.51
2020-04-17 08:24:57.000,0.0,0.0,42.75,0.76,0.0,2.444
2020-04-17 08:24:58.000,0.0,0.0,42.75,0.76,0.0,2.43
2020-04-17 08:24:59.000,0.0,0.0,42.75,0.76,0.0,2.457
2020-04-17 08:25:00.000,0.0,0.0,43.42,0.75,0.0,2.43
2020-04-17 08:25:01.000,0.0,0.0,43.42,0.75,0.0,2.391
2020-04-17 08:25:02.000,0.0,0.0,43.42,0.75,0.0,2.364
2020-04-17 08:25:03.000,0.0,0.0,43.42,0.75,0.0,2.364
2020-04-17 08:25:04.000,0.0,0.0,43.42,0.75,0.0,2.351
2020-04-17 08:25:05.000,0.0,0.0,43.42,0.75,0.0,2.338
2020-04-17 08:25:06.000,0.0,0.0,43.42,0.75,0.0,2.364
2020-04-17 08:25:07.000,0.0,0.0,43.42,0.75,0.0,2.312
2020-04-17 08:25:08.000,0.0,0.0,43.42,0.75,0.0,2.298
2020-04-17 08:25:09.000,0.0,0.0,43.42,0.75,0.0,2.312
2020-04-17 08:25:10.000,0.0,0.0,43.42,0.75,0.0,2.325
2020-04-17 08:25:11.000,0.0,0.0,43.42,0.75,0.0,2.285
2020-04-17 08:25:12.000,0.0,0.0,43.42,0.75,0.0,2.325
2020-04-17 08:25:13.000,0.0,0.0,43.42,0.75,0.0,2.298
2020-04-17 08:25:14.000,0.0,0.0,43.42,0.75,0.0,2.325
2020-04-17 08:25:15.000,0.0,0.0,43.42,0.75,0.0,2.298
2020-04-17 08:25:16.000,0.0,0.0,43.42,0.75,0.0,2.298
2020-04-17 08:25:17.000,0.0,0.0,43.42,0.75,0.0,2.285
2020-04-17 08:25:18.000,0.0,0.0,43.42,0.75,0.0,2.259
2020-04-17 08:25:19.000,0.0,0.0,43.42,0.75,0.0,2.272
2020-04-17 08:25:20.000,0.0,0.0,43.42,0.75,0.0,2.298
2020-04-17 08:25:21.000,0.0,0.0,43.42,0.75,0.0,2.272
2020-04-17 08:25:22.000,0.0,0.0,43.42,0.75,0.0,2.734
2020-04-17 08:25:23.000,0.0,0.0,43.42,0.75,0.0,1.849
2020-04-17 08:25:24.000,0.0,0.0,43.42,0.75,0.0,1.823
2020-04-17 08:25:25.000,0.0,0.0,43.42,0.75,0.0,2.259
2020-04-17 08:25:26.000,0.0,0.0,43.42,0.75,0.0,2.272
2020-04-17 08:25:27.000,0.0,0.0,43.42,0.75,0.0,2.259
2020-04-17 08:25:28.000,0.0,0.0,43.42,0.75,0.0,2.272
2020-04-17 08:25:29.000,0.0,0.0,43.42,0.75,0.0,2.285
2020-04-17 08:25:30.000,0.0,0.0,43.42,0.75,0.0,2.272
2020-04-17 08:25:31.000,0.0,0.0,43.42,0.75,0.0,2.298
2020-04-17 08:25:32.000,0.0,0.0,43.42,0.75,0.0,2.325
2020-04-17 08:25:33.000,0.0,0.0,43.42,0.75,0.0,2.245
2020-04-17 08:25:34.000,0.0,0.0,43.42,0.75,0.0,2.259
2020-04-17 08:25:35.000,0.0,0.0,43.42,0.75,0.0,2.285
2020-04-17 08:25:36.000,0.0,0.0,43.42,0.75,0.0,2.259
2020-04-17 08:25:37.000,0.0,0.0,43.42,0.75,0.0,2.259
2020-04-17 08:25:38.000,0.0,0.0,43.42,0.75,0.0,2.245
2020-04-17 08:25:39.000,0.0,0.0,43.42,0.75,0.0,2.219
2020-04-17 08:25:40.000,0.0,0.0,43.42,0.75,0.0,2.206
2020-04-17 08:25:41.000,0.0,0.0,43.42,0.75,0.0,2.206
2020-04-17 08:25:42.000,0.0,0.0,43.42,0.75,0.0,2.219
2020-04-17 08:25:43.000,0.0,0.0,43.42,0.75,0.0,2.232
2020-04-17 08:25:44.000,0.0,0.0,43.42,0.75,0.0,2.206
2020-04-17 08:25:45.000,0.0,0.0,43.42,0.75,0.0,2.232
2020-04-17 08:25:46.000,0.0,0.0,43.42,0.75,0.0,2.219
2020-04-17 08:25:47.000,0.0,0.0,43.42,0.75,0.0,2.232
2020-04-17 08:25:48.000,0.0,0.0,43.42,0.75,0.0,2.219
2020-04-17 08:25:49.000,0.0,0.0,43.42,0.75,0.0,2.232
2020-04-17 08:25:50.000,0.0,0.0,43.42,0.75,0.0,2.259
2020-04-17 08:25:51.000,0.0,0.0,43.42,0.75,0.0,2.245
2020-04-17 08:25:52.000,0.0,0.0,43.42,0.75,0.0,2.232
2020-04-17 08:25:53.000,0.0,0.0,43.42,0.75,0.0,2.232
2020-04-17 08:25:54.000,0.0,0.0,43.42,0.75,0.0,2.245
2020-04-17 08:25:55.000,0.0,0.0,43.42,0.75,0.0,2.232
2020-04-17 08:25:56.000,0.0,0.0,43.42,0.75,0.0,2.245
2020-04-17 08:25:57.000,0.0,0.0,43.42,0.75,0.0,2.232
2020-04-17 08:25:58.000,0.0,0.0,43.42,0.75,0.0,2.483
2020-04-17 08:25:59.000,0.0,0.0,43.42,0.75,0.0,2.074
2020-04-17 08:26:00.000,0.0,0.0,43.42,0.75,0.0,2.166
2020-04-17 08:26:01.000,0.0,0.0,43.42,0.75,0.0,2.193
2020-04-17 08:26:02.000,0.0,0.0,43.42,0.75,0.0,2.166
2020-04-17 08:26:03.000,0.0,0.0,43.42,0.75,0.0,2.193
2020-04-17 08:26:04.000,0.0,0.0,43.42,0.75,0.0,2.179
2020-04-17 08:26:05.000,0.0,0.0,43.42,0.75,0.0,2.193
2020-04-17 08:26:06.000,0.0,0.0,43.42,0.75,0.0,2.232
2020-04-17 08:26:07.000,0.0,0.0,43.42,0.75,0.0,2.219
2020-04-17 08:26:08.000,0.0,0.0,43.42,0.75,0.0,2.259
2020-04-17 08:26:09.000,0.0,0.0,43.42,0.75,0.0,2.245
2020-04-17 08:26:10.000,0.0,0.0,43.42,0.75,0.0,2.259
2020-04-17 08:26:11.000,0.0,0.0,43.42,0.75,0.0,2.259
2020-04-17 08:26:12.000,0.0,0.0,43.42,0.75,0.0,2.298
2020-04-17 08:26:13.000,0.0,0.0,43.42,0.75,0.0,2.312
2020-04-17 08:26:14.000,0.0,0.0,43.42,0.75,0.0,2.285
2020-04-17 08:26:15.000,0.0,0.0,43.42,0.75,0.0,2.298
2020-04-17 08:26:16.000,0.0,0.0,43.42,0.75,0.0,2.312
2020-04-17 08:26:17.000,0.0,0.0,43.42,0.75,0.0,2.298
2020-04-17 08:26:18.000,0.0,0.0,43.42,0.75,0.0,2.285
2020-04-17 08:26:19.000,0.0,0.0,43.42,0.75,0.0,2.285
2020-04-17 08:26:20.000,0.0,0.0,43.42,0.75,0.0,2.312
2020-04-17 08:26:21.000,0.0,0.0,43.42,0.75,0.0,2.298
2020-04-17 08:26:22.000,0.0,0.0,43.42,0.75,0.0,2.338
2020-04-17 08:26:23.000,0.0,0.0,43.42,0.75,0.0,2.312
2020-04-17 08:26:24.000,0.0,0.0,43.42,0.75,0.0,2.325
2020-04-17 08:26:25.000,0.0,0.0,43.42,0.75,0.0,2.312
2020-04-17 08:26:26.000,0.0,0.0,43.42,0.75,0.0,2.298
2020-04-17 08:26:27.000,0.0,0.0,43.42,0.75,0.0,2.325
2020-04-17 08:26:28.000,0.0,0.0,43.42,0.75,0.0,2.312
2020-04-17 08:26:29.000,0.0,0.0,43.42,0.75,0.0,2.338
2020-04-17 08:26:30.000,0.0,0.0,43.42,0.75,0.0,2.312
2020-04-17 08:26:31.000,0.0,0.0,43.42,0.75,0.0,2.312
2020-04-17 08:26:32.000,0.0,0.0,43.42,0.75,0.0,2.285
2020-04-17 08:26:33.000,0.0,0.0,43.42,0.75,0.0,2.298
2020-04-17 08:26:34.000,0.0,0.0,43.42,0.75,0.0,2.312
2020-04-17 08:26:35.000,0.0,0.0,43.42,0.75,0.0,2.298
2020-04-17 08:26:36.000,0.0,0.0,43.42,0.75,0.0,2.285
2020-04-17 08:26:37.000,0.0,0.0,43.42,0.75,0.0,2.298
2020-04-17 08:26:38.000,0.0,0.0,43.42,0.75,0.0,2.285
2020-04-17 08:26:39.000,0.0,0.0,43.42,0.75,0.0,2.298
2020-04-17 08:26:40.000,0.0,0.0,43.42,0.75,0.0,2.245
2020-04-17 08:26:41.000,0.0,0.0,43.42,0.75,0.0,2.272
2020-04-17 08:26:42.000,0.0,0.0,43.42,0.75,0.0,2.232
2020-04-17 08:26:43.000,0.0,0.0,43.42,0.75,0.0,2.232
2020-04-17 08:26:44.000,0.0,0.0,43.42,0.75,0.0,2.259
2020-04-17 08:26:45.000,0.0,0.0,43.42,0.75,0.0,2.245
2020-04-17 08:26:46.000,0.0,0.0,43.42,0.75,0.0,2.259
2020-04-17 08:26:47.000,0.0,0.0,43.42,0.75,0.0,2.272
2020-04-17 08:26:48.000,0.0,0.0,43.42,0.75,0.0,2.232
2020-04-17 08:26:49.000,0.0,0.0,43.42,0.75,0.0,2.272
2020-04-17 08:26:50.000,0.0,0.0,43.42,0.75,0.0,2.232
2020-04-17 08:26:51.000,0.0,0.0,43.42,0.75,0.0,2.259
2020-04-17 08:26:52.000,0.0,0.0,43.42,0.75,0.0,2.219
2020-04-17 08:26:53.000,0.0,0.0,43.42,0.75,0.0,2.232
2020-04-17 08:26:54.000,0.0,0.0,43.42,0.75,0.0,2.259
2020-04-17 08:26:55.000,0.0,0.0,43.42,0.75,0.0,2.245
2020-04-17 08:26:56.000,0.0,0.0,43.42,0.75,0.0,2.259
2020-04-17 08:26:57.000,0.0,0.0,43.42,0.75,0.0,2.259
2020-04-17 08:26:58.000,0.0,0.0,43.42,0.75,0.0,2.245
2020-04-17 08:26:59.000,0.0,0.0,43.42,0.75,0.0,2.232
2020-04-17 08:27:00.000,0.0,0.0,43.42,0.75,0.0,2.259
2020-04-17 08:27:01.000,0.0,0.0,43.42,0.75,0.0,2.272
2020-04-17 08:27:02.000,0.0,0.0,43.42,0.75,0.0,2.259
2020-04-17 08:27:03.000,0.0,0.0,43.42,0.75,0.0,2.232
2020-04-17 08:27:04.000,0.0,0.0,43.42,0.75,0.0,2.259
2020-04-17 08:27:05.000,0.0,0.0,43.42,0.75,0.0,2.245
2020-04-17 08:27:06.000,0.0,0.0,43.42,0.75,0.0,2.219
2020-04-17 08:27:07.000,0.0,0.0,43.42,0.75,0.0,2.259
2020-04-17 08:27:08.000,0.0,0.0,43.42,0.75,0.0,2.245
2020-04-17 08:27:09.000,0.0,0.0,43.42,0.75,0.0,2.272
2020-04-17 08:27:10.000,0.0,0.0,43.42,0.75,0.0,2.245
2020-04-17 08:27:11.000,0.0,0.0,43.42,0.75,0.0,2.219
2020-04-17 08:27:12.000,0.0,0.0,43.42,0.75,0.0,2.232
2020-04-17 08:27:13.000,0.0,0.0,43.42,0.75,0.0,2.245
2020-04-17 08:27:14.000,0.0,0.0,43.42,0.75,0.0,2.232
2020-04-17 08:27:15.000,0.0,0.0,43.42,0.75,0.0,2.074
2020-04-17 08:27:16.000,0.0,0.0,43.42,0.75,0.0,2.061
2020-04-17 08:27:17.000,0.0,0.0,43.42,0.75,0.0,2.074
2020-04-17 08:27:18.000,0.0,0.0,43.42,0.75,0.0,2.047
2020-04-17 08:27:19.000,0.0,0.0,43.42,0.75,0.0,2.047
2020-04-17 08:27:20.000,0.0,0.0,43.42,0.75,0.0,2.074
2020-04-17 08:27:21.000,0.0,0.0,43.42,0.75,0.0,2.061
2020-04-17 08:27:22.000,0.0,0.0,43.42,0.75,0.0,2.074
2020-04-17 08:27:23.000,0.0,0.0,43.42,0.75,0.0,2.047
2020-04-17 08:27:24.000,0.0,0.0,43.42,0.75,0.0,2.061
2020-04-17 08:27:25.000,0.0,0.0,43.42,0.75,0.0,2.087
2020-04-17 08:27:26.000,0.0,0.0,43.42,0.75,0.0,2.034
2020-04-17 08:27:27.000,0.0,0.0,43.42,0.75,0.0,2.047
2020-04-17 08:27:28.000,0.0,0.0,43.42,0.75,0.0,2.021
2020-04-17 08:27:29.000,0.0,0.0,43.42,0.75,0.0,2.021
2020-04-17 08:27:30.000,0.0,0.0,43.42,0.75,0.0,2.047
2020-04-17 08:27:31.000,0.0,0.0,43.42,0.75,0.0,2.034
2020-04-17 08:27:32.000,0.0,0.0,43.42,0.75,0.0,2.008
2020-04-17 08:27:33.000,0.0,0.0,43.42,0.75,0.0,2.021
2020-04-17 08:27:34.000,0.0,0.0,43.42,0.75,0.0,2.034
2020-04-17 08:27:35.000,0.0,0.0,43.42,0.75,0.0,2.021
2020-04-17 08:27:36.000,0.0,0.0,43.42,0.75,0.0,2.008
2020-04-17 08:27:37.000,0.0,0.0,43.42,0.75,0.0,1.994
2020-04-17 08:27:38.000,0.0,0.0,43.42,0.75,0.0,2.021
2020-04-17 08:27:39.000,0.0,0.0,43.42,0.75,0.0,1.994
2020-04-17 08:27:40.000,0.0,0.0,43.42,0.75,0.0,2.021
2020-04-17 08:27:41.000,0.0,0.0,43.42,0.75,0.0,1.994
2020-04-17 08:27:42.000,0.0,0.0,43.42,0.75,0.0,2.008
2020-04-17 08:27:43.000,0.0,0.0,43.42,0.75,0.0,2.008
2020-04-17 08:27:44.000,0.0,0.0,43.42,0.75,0.0,1.994
2020-04-17 08:27:45.000,0.0,0.0,43.42,0.75,0.0,2.008
2020-04-17 08:27:46.000,0.0,0.0,43.42,0.75,0.0,1.994
2020-04-17 08:27:47.000,0.0,0.0,43.42,0.75,0.0,1.981
2020-04-17 08:27:48.000,0.0,0.0,43.42,0.75,0.0,1.994
2020-04-17 08:27:49.000,0.0,0.0,43.42,0.75,0.0,1.968
2020-04-17 08:27:50.000,0.0,0.0,43.42,0.75,0.0,1.981
2020-04-17 08:27:51.000,0.0,0.0,43.42,0.75,0.0,1.994
2020-04-17 08:27:52.000,0.0,0.0,43.42,0.75,0.0,1.968
2020-04-17 08:27:53.000,0.0,0.0,43.42,0.75,0.0,1.981
2020-04-17 08:27:54.000,0.0,0.0,43.42,0.75,0.0,1.968
2020-04-17 08:27:55.000,0.0,0.0,43.42,0.75,0.0,1.981
2020-04-17 08:27:56.000,0.0,0.0,43.42,0.75,0.0,1.955
2020-04-17 08:27:57.000,0.0,0.0,43.42,0.75,0.0,1.968
2020-04-17 08:27:58.000,0.0,0.0,43.42,0.75,0.0,1.955
2020-04-17 08:27:59.000,0.0,0.0,43.42,0.75,0.0,1.942
2020-04-17 08:28:00.000,0.0,0.0,43.42,0.75,0.0,1.968
2020-04-17 08:28:01.000,0.0,0.0,43.42,0.75,0.0,0.793
2020-04-17 08:28:02.000,0.0,0.0,43.42,0.75,0.0,0.911
2020-04-17 08:28:03.000,0.0,0.0,43.42,0.75,0.0,0.726
2020-04-17 08:28:04.000,0.0,0.0,43.42,0.75,0.0,0.793
2020-04-17 08:28:05.000,0.0,0.0,43.42,0.75,0.0,0.832
2020-04-17 08:28:06.000,0.0,0.0,43.42,0.75,0.0,0.7
2020-04-17 08:28:07.000,0.0,0.0,43.42,0.75,0.0,1.017
2020-04-17 08:28:08.000,0.0,0.0,43.42,0.75,0.0,0.991
2020-04-17 08:28:09.000,0.0,0.0,43.42,0.75,0.0,1.017
2020-04-17 08:28:10.000,0.0,0.0,43.42,0.75,0.0,1.004
2020-04-17 08:28:11.000,0.0,0.0,43.42,0.75,0.0,1.017
2020-04-17 08:28:12.000,0.0,0.0,43.42,0.75,0.0,1.004
2020-04-17 08:28:13.000,0.0,0.0,43.42,0.75,0.0,1.004
2020-04-17 08:28:14.000,0.0,0.0,43.42,0.75,0.0,0.753
2020-04-17 08:28:15.000,0.0,0.0,43.42,0.75,0.0,1.004
2020-04-17 08:28:16.000,0.0,0.0,43.42,0.75,0.0,0.753
2020-04-17 08:28:17.000,0.0,0.0,43.42,0.75,0.0,1.004
2020-04-17 08:28:18.000,0.0,0.0,43.42,0.75,0.0,1.03
2020-04-17 08:28:19.000,0.0,0.0,43.42,0.75,0.0,1.017
2020-04-17 08:28:20.000,0.0,0.0,43.42,0.75,0.0,1.043
2020-04-17 08:28:21.000,0.0,0.0,43.42,0.75,0.0,0.766
2020-04-17 08:28:22.000,0.0,0.0,43.42,0.75,0.0,1.057
2020-04-17 08:28:23.000,0.0,0.0,43.42,0.75,0.0,1.017
2020-04-17 08:28:24.000,0.0,0.0,43.42,0.75,0.0,1.03
2020-04-17 08:28:25.000,0.0,0.0,43.42,0.75,0.0,1.043
2020-04-17 08:28:26.000,0.0,0.0,43.42,0.75,0.0,0.753
2020-04-17 08:28:27.000,0.0,0.0,43.42,0.75,0.0,1.057
2020-04-17 08:28:28.000,0.0,0.0,43.42,0.75,0.0,0.779
2020-04-17 08:28:29.000,0.0,0.0,43.42,0.75,0.0,1.017
2020-04-17 08:28:30.000,0.0,0.0,43.42,0.75,0.0,0.779
2020-04-17 08:28:31.000,0.0,0.0,43.42,0.75,0.0,0.793
2020-04-17 08:28:32.000,0.0,0.0,43.42,0.75,0.0,1.043
2020-04-17 08:28:33.000,0.0,0.0,43.42,0.75,0.0,1.057
2020-04-17 08:28:34.000,0.0,0.0,43.42,0.75,0.0,0.793
2020-04-17 08:28:35.000,0.0,0.0,43.42,0.75,0.0,1.057
2020-04-17 08:28:36.000,0.0,0.0,43.42,0.75,0.0,0.779
2020-04-17 08:28:37.000,0.0,0.0,43.42,0.75,0.0,0.779
2020-04-17 08:28:38.000,0.0,0.0,43.42,0.75,0.0,1.057
2020-04-17 08:28:39.000,0.0,0.0,43.42,0.75,0.0,1.043
2020-04-17 08:28:40.000,0.0,0.0,43.42,0.75,0.0,1.057
2020-04-17 08:28:41.000,0.0,0.0,43.42,0.75,0.0,0.793
2020-04-17 08:28:42.000,0.0,0.0,43.42,0.75,0.0,1.057
2020-04-17 08:28:43.000,0.0,0.0,43.42,0.75,0.0,0.779
2020-04-17 08:28:44.000,0.0,0.0,43.42,0.75,0.0,1.057
2020-04-17 08:28:45.000,0.0,0.0,43.42,0.75,0.0,0.779
2020-04-17 08:28:46.000,0.0,0.0,43.42,0.75,0.0,0.964
2020-04-17 08:28:47.000,0.0,0.0,43.42,0.75,0.0,0.977
2020-04-17 08:28:48.000,0.0,0.0,43.42,0.75,0.0,0.726
2020-04-17 08:28:49.000,0.0,0.0,43.42,0.75,0.0,0.977
2020-04-17 08:28:50.000,0.0,0.0,43.42,0.75,0.0,0.74
2020-04-17 08:28:51.000,0.0,0.0,43.42,0.75,0.0,0.964
2020-04-17 08:28:52.000,0.0,0.0,43.42,0.75,0.0,0.977
2020-04-17 08:28:53.000,0.0,0.0,43.42,0.75,0.0,0.74
2020-04-17 08:28:54.000,0.0,0.0,43.42,0.75,0.0,0.964
2020-04-17 08:28:55.000,0.0,0.0,43.42,0.75,0.0,0.977
2020-04-17 08:28:56.000,0.0,0.0,43.42,0.75,0.0,0.977
2020-04-17 08:28:57.000,0.0,0.0,43.42,0.75,0.0,0.74
2020-04-17 08:28:58.000,0.0,0.0,43.42,0.75,0.0,0.977
2020-04-17 08:28:59.000,0.0,0.0,43.42,0.75,0.0,0.726
2020-04-17 08:29:00.000,0.0,0.0,43.42,0.75,0.0,0.977
2020-04-17 08:29:01.000,0.0,0.0,43.42,0.75,0.0,0.726
2020-04-17 08:29:02.000,0.0,0.0,43.42,0.75,0.0,0.74
2020-04-17 08:29:03.000,0.0,0.0,43.42,0.75,0.0,0.977
2020-04-17 08:29:04.000,0.0,0.0,43.42,0.75,0.0,0.726
2020-04-17 08:29:05.000,0.0,0.0,43.42,0.75,0.0,0.964
2020-04-17 08:29:06.000,0.0,0.0,43.42,0.75,0.0,0.977
2020-04-17 08:29:07.000,0.0,0.0,43.42,0.75,0.0,0.726
2020-04-17 08:29:08.000,0.0,0.0,43.42,0.75,0.0,0.964
2020-04-17 08:29:09.000,0.0,0.0,43.42,0.75,0.0,0.964
2020-04-17 08:29:10.000,0.0,0.0,43.42,0.75,0.0,0.977
2020-04-17 08:29:11.000,0.0,0.0,43.42,0.75,0.0,0.964
2020-04-17 08:29:12.000,0.0,0.0,43.42,0.75,0.0,0.977
2020-04-17 08:29:13.000,0.0,0.0,43.42,0.75,0.0,0.964
2020-04-17 08:29:14.000,0.0,0.0,43.42,0.75,0.0,0.977
2020-04-17 08:29:15.000,0.0,0.0,43.42,0.75,0.0,0.74
2020-04-17 08:29:16.000,0.0,0.0,43.42,0.75,0.0,0.977
2020-04-17 08:29:17.000,0.0,0.0,43.42,0.75,0.0,0.964
2020-04-17 08:29:18.000,0.0,0.0,43.42,0.75,0.0,0.74
2020-04-17 08:29:19.000,0.0,0.0,43.42,0.75,0.0,0.977
2020-04-17 08:29:20.000,0.0,0.0,43.42,0.75,0.0,0.726
2020-04-17 08:29:21.000,0.0,0.0,43.42,0.75,0.0,0.964
2020-04-17 08:29:22.000,0.0,0.0,43.42,0.75,0.0,0.726
2020-04-17 08:29:23.000,0.0,0.0,43.42,0.75,0.0,0.977
2020-04-17 08:29:24.000,0.0,0.0,43.42,0.75,0.0,0.713
2020-04-17 08:29:25.000,0.0,0.0,43.42,0.75,0.0,0.977
2020-04-17 08:29:26.000,0.0,0.0,43.42,0.75,0.0,0.74
2020-04-17 08:29:27.000,0.0,0.0,43.42,0.75,0.0,0.964
2020-04-17 08:29:28.000,0.0,0.0,43.42,0.75,0.0,0.713
2020-04-17 08:29:29.000,0.0,0.0,43.42,0.75,0.0,0.964
2020-04-17 08:29:30.000,0.0,0.0,43.42,0.75,0.0,0.74
2020-04-17 08:29:31.000,0.0,0.0,43.42,0.75,0.0,0.726
2020-04-17 08:29:32.000,0.0,0.0,43.42,0.75,0.0,0.964
2020-04-17 08:29:33.000,0.0,0.0,43.42,0.75,0.0,0.726
2020-04-17 08:29:34.000,0.0,0.0,43.42,0.75,0.0,0.726
2020-04-17 08:29:35.000,0.0,0.0,43.42,0.75,0.0,0.991
2020-04-17 08:29:36.000,0.0,0.0,43.42,0.75,0.0,1.004
2020-04-17 08:29:37.000,0.0,0.0,43.42,0.75,0.0,0.991
2020-04-17 08:29:38.000,0.0,0.0,43.42,0.75,0.0,0.74
2020-04-17 08:29:39.000,0.0,0.0,43.42,0.75,0.0,1.004
2020-04-17 08:29:40.000,0.0,0.0,43.42,0.75,0.0,0.766
2020-04-17 08:29:41.000,0.0,0.0,43.42,0.75,0.0,0.753
2020-04-17 08:29:42.000,0.0,0.0,43.42,0.75,0.0,0.766
2020-04-17 08:29:43.000,0.0,0.0,43.42,0.75,0.0,0.753
2020-04-17 08:29:44.000,0.0,0.0,43.42,0.75,0.0,0.753
2020-04-17 08:29:45.000,0.0,0.0,43.42,0.75,0.0,1.004
2020-04-17 08:29:46.000,0.0,0.0,43.42,0.75,0.0,0.753
2020-04-17 08:29:47.000,0.0,0.0,43.42,0.75,0.0,1.017
2020-04-17 08:29:48.000,0.0,0.0,43.42,0.75,0.0,0.779
2020-04-17 08:29:49.000,0.0,0.0,43.42,0.75,0.0,1.03
2020-04-17 08:29:50.000,0.0,0.0,43.42,0.75,0.0,1.043
2020-04-17 08:29:51.000,0.0,0.0,43.42,0.75,0.0,0.779
2020-04-17 08:29:52.000,0.0,0.0,43.42,0.75,0.0,1.03
2020-04-17 08:29:53.000,0.0,0.0,43.42,0.75,0.0,0.766
2020-04-17 08:29:54.000,0.0,0.0,43.42,0.75,0.0,1.017
2020-04-17 08:29:55.000,0.0,0.0,43.42,0.75,0.0,0.779
2020-04-17 08:29:56.000,0.0,0.0,43.42,0.75,0.0,1.043
2020-04-17 08:29:57.000,0.0,0.0,43.42,0.75,0.0,1.017
2020-04-17 08:29:58.000,0.0,0.0,43.42,0.75,0.0,0.779
2020-04-17 08:29:59.000,0.0,0.0,43.42,0.75,0.0,1.043
